{
    "timestamp": "2024-02-02T17:46:47.807846",
    "heart_rate": 74,
    "skin_temp": 36.50680361249094,
    "normalized_heart_rate": 0.35,
    "normalized_skin_temp": 0.006803612490941191
}